requests,q_min,mean_actual_quality,median_actual_quality,quality_violation_rate,quality_fallback_count,mean_latency_ms,median_latency_ms,p95_latency_ms,max_latency_ms,sla_ms,sla_violation_rate,total_cost,mean_cost_per_request,peak_cloud_queue,peak_edge_queue,average_cloud_queue,average_edge_queue,model_selection_counts,node_selection_counts,cloud_ratio,edge_ratio,mean_routing_overhead_ms,strategy,workload,seed,trace_fingerprint
300,0.7,0.857208,0.858862,0.0,0,448.862784,449.085483,477.754751,479.71437,1200.0,0.0,1.23474,0.0041158,1.0,0.0,1.0,0.0,"{""model-a"": 300}","{""cloud"": 300}",1.0,0.0,0.078,capability_only,low_load,1,45be857b67ef5caf62a809fcf05092e1836465738838fbe1cf0b0a6a0fa19b59
300,0.7,0.628475,0.629775,0.786667,0,173.854166,173.940422,185.044643,185.803645,1200.0,0.0,0.185211,0.00061737,0.0,1.0,0.0,1.0,"{""model-c"": 300}","{""edge-1"": 300}",0.0,1.0,0.109,resource_only,low_load,1,45be857b67ef5caf62a809fcf05092e1836465738838fbe1cf0b0a6a0fa19b59
300,0.7,0.751922,0.712475,0.293333,0,269.629587,185.509197,473.196527,479.71437,1200.0,0.0,0.555489,0.00185163,1.0,1.0,0.23,0.77,"{""model-a"": 69, ""model-b"": 79, ""model-c"": 152}","{""cloud"": 69, ""edge-1"": 231}",0.23,0.77,0.124,joint_single_stage,low_load,1,45be857b67ef5caf62a809fcf05092e1836465738838fbe1cf0b0a6a0fa19b59
300,0.7,0.78721,0.751762,0.0,0,305.428015,295.350885,473.196527,479.71437,1200.0,0.0,0.679879,0.00226626,1.0,1.0,0.23,0.77,"{""model-a"": 69, ""model-b"": 167, ""model-c"": 64}","{""cloud"": 69, ""edge-1"": 231}",0.23,0.77,0.113507,hierarchical,low_load,1,45be857b67ef5caf62a809fcf05092e1836465738838fbe1cf0b0a6a0fa19b59
300,0.7,0.857134,0.85785,0.0,0,444.441803,448.522107,476.162228,479.811721,1200.0,0.0,1.17014,0.00390047,1.0,0.0,1.0,0.0,"{""model-a"": 278, ""model-b"": 22}","{""cloud"": 300}",1.0,0.0,0.078513,capability_only,low_load,2,4026415ac51728b2ea92d225eb8a30ad3f54a53f8669fc40d2b3673e85e3f6cf
300,0.7,0.635455,0.629775,0.723333,0,174.084087,174.682907,184.485252,185.841352,1200.0,0.0,0.182538,0.00060846,0.0,1.0,0.0,1.0,"{""model-c"": 300}","{""edge-1"": 300}",0.0,1.0,0.109,resource_only,low_load,2,4026415ac51728b2ea92d225eb8a30ad3f54a53f8669fc40d2b3673e85e3f6cf
300,0.7,0.765819,0.750075,0.0,0,282.465628,291.738882,448.980784,477.724818,1200.0,0.0,0.572206,0.00190735,1.0,1.0,0.133333,0.866667,"{""model-a"": 40, ""model-b"": 177, ""model-c"": 83}","{""cloud"": 40, ""edge-1"": 260}",0.133333,0.866667,0.124,joint_single_stage,low_load,2,4026415ac51728b2ea92d225eb8a30ad3f54a53f8669fc40d2b3673e85e3f6cf
300,0.7,0.776968,0.751762,0.0,0,316.370924,299.625401,448.980784,477.724818,1200.0,0.0,0.68828,0.00229427,1.0,1.0,0.133333,0.866667,"{""model-a"": 40, ""model-b"": 260}","{""cloud"": 40, ""edge-1"": 260}",0.133333,0.866667,0.115,hierarchical,low_load,2,4026415ac51728b2ea92d225eb8a30ad3f54a53f8669fc40d2b3673e85e3f6cf
300,0.7,0.862041,0.858862,0.0,0,450.32119,451.438542,476.499056,479.655194,1200.0,0.0,1.2253,0.00408433,1.0,0.0,1.0,0.0,"{""model-a"": 300}","{""cloud"": 300}",1.0,0.0,0.078,capability_only,low_load,3,3b928d7b6059344ed3d459257b92303e4df14d7abd0ecb6e5f22cae4a1b1ad09
300,0.7,0.636774,0.629775,0.716667,0,174.419037,174.851812,184.558285,185.780725,1200.0,0.0,0.183795,0.00061265,0.0,1.0,0.0,1.0,"{""model-c"": 300}","{""edge-1"": 300}",0.0,1.0,0.109,resource_only,low_load,3,3b928d7b6059344ed3d459257b92303e4df14d7abd0ecb6e5f22cae4a1b1ad09
300,0.7,0.787545,0.751762,0.0,0,301.661848,292.866535,469.580321,479.022918,1200.0,0.0,0.656133,0.00218711,1.0,1.0,0.256667,0.743333,"{""model-a"": 77, ""model-b"": 138, ""model-c"": 85}","{""cloud"": 77, ""edge-1"": 223}",0.256667,0.743333,0.124,joint_single_stage,low_load,3,3b928d7b6059344ed3d459257b92303e4df14d7abd0ecb6e5f22cae4a1b1ad09
300,0.7,0.798963,0.752775,0.0,0,336.424002,302.298374,469.580321,479.022918,1200.0,0.0,0.77493,0.0025831,1.0,1.0,0.256667,0.743333,"{""model-a"": 77, ""model-b"": 223}","{""cloud"": 77, ""edge-1"": 223}",0.256667,0.743333,0.115,hierarchical,low_load,3,3b928d7b6059344ed3d459257b92303e4df14d7abd0ecb6e5f22cae4a1b1ad09
300,0.7,0.853574,0.858862,0.0,0,438.195757,444.734119,476.710814,479.836946,1200.0,0.0,1.10829,0.0036943,1.0,0.0,1.0,0.0,"{""model-a"": 249, ""model-b"": 51}","{""cloud"": 300}",1.0,0.0,0.07919,capability_only,low_load,4,bde5aa1fed7e3849b5540c696011f87e2782c5fb76921237e5b93f26dce99da5
300,0.7,0.627314,0.611437,0.773333,0,174.24534,174.373184,185.002364,185.851122,1200.0,0.0,0.182355,0.00060785,0.0,1.0,0.0,1.0,"{""model-c"": 300}","{""edge-1"": 300}",0.0,1.0,0.109,resource_only,low_load,4,bde5aa1fed7e3849b5540c696011f87e2782c5fb76921237e5b93f26dce99da5
300,0.7,0.73312,0.731737,0.086667,0,258.005294,286.173479,313.484064,316.142935,1200.0,0.0,0.474444,0.00158148,0.0,1.0,0.0,1.0,"{""model-b"": 206, ""model-c"": 94}","{""edge-1"": 300}",0.0,1.0,0.124,joint_single_stage,low_load,4,bde5aa1fed7e3849b5540c696011f87e2782c5fb76921237e5b93f26dce99da5
300,0.7,0.752681,0.751762,0.0,0,296.400865,296.618334,314.699153,316.142935,1200.0,0.0,0.60785,0.00202617,0.0,1.0,0.0,1.0,"{""model-b"": 300}","{""edge-1"": 300}",0.0,1.0,0.115,hierarchical,low_load,4,bde5aa1fed7e3849b5540c696011f87e2782c5fb76921237e5b93f26dce99da5
300,0.7,0.855355,0.858862,0.0,0,439.507903,444.855658,475.414789,479.789228,1200.0,0.0,1.14825,0.0038275,1.0,0.0,1.0,0.0,"{""model-a"": 266, ""model-b"": 34}","{""cloud"": 300}",1.0,0.0,0.078793,capability_only,low_load,5,362924f489393bc35c10fe95cdc7975501ceafc7f2ad529cfbfae9077b4b6b67
300,0.7,0.632093,0.629775,0.746667,0,173.218923,173.28938,184.302332,185.832639,1200.0,0.0,0.182784,0.00060928,0.0,1.0,0.0,1.0,"{""model-c"": 300}","{""edge-1"": 300}",0.0,1.0,0.109,resource_only,low_load,5,362924f489393bc35c10fe95cdc7975501ceafc7f2ad529cfbfae9077b4b6b67
300,0.7,0.735674,0.712475,0.266667,0,251.976429,184.509583,447.25232,478.595298,1200.0,0.0,0.473884,0.00157961,1.0,1.0,0.136667,0.863333,"{""model-a"": 41, ""model-b"": 103, ""model-c"": 156}","{""cloud"": 41, ""edge-1"": 259}",0.136667,0.863333,0.124,joint_single_stage,low_load,5,362924f489393bc35c10fe95cdc7975501ceafc7f2ad529cfbfae9077b4b6b67
300,0.7,0.789277,0.774725,0.0,0,321.565884,298.277496,467.72896,478.595298,1200.0,0.0,0.730728,0.00243576,1.0,1.0,0.3,0.7,"{""model-a"": 90, ""model-b"": 164, ""model-c"": 46}","{""cloud"": 90, ""edge-1"": 210}",0.3,0.7,0.113927,hierarchical,low_load,5,362924f489393bc35c10fe95cdc7975501ceafc7f2ad529cfbfae9077b4b6b67
300,0.7,0.861555,0.85785,0.0,0,4040.100007,3987.154387,7047.349604,7639.288928,1200.0,0.926667,1.22816,0.00409387,109.640036,0.0,55.024937,0.0,"{""model-a"": 300}","{""cloud"": 300}",1.0,0.0,0.078,capability_only,medium_load,1,eb6f6271afef793688b72afdf2f50112b95ae85ca4f9b3aa3913c5ce4a05e589
300,0.7,0.631221,0.611437,0.746667,0,187.631101,176.324784,243.841088,251.09294,1200.0,0.0,0.184224,0.00061408,0.0,1.14176,0.0,1.010786,"{""model-c"": 300}","{""edge-1"": 300}",0.0,1.0,0.109,resource_only,medium_load,1,eb6f6271afef793688b72afdf2f50112b95ae85ca4f9b3aa3913c5ce4a05e589
300,0.7,0.764206,0.774725,0.206667,0,288.530995,280.159145,476.93024,560.365155,1200.0,0.0,0.576581,0.00192194,1.547635,1.14176,0.373189,0.750582,"{""model-a"": 77, ""model-b"": 85, ""model-c"": 138}","{""cloud"": 77, ""edge-1"": 223}",0.256667,0.743333,0.124,joint_single_stage,medium_load,1,eb6f6271afef793688b72afdf2f50112b95ae85ca4f9b3aa3913c5ce4a05e589
300,0.7,0.789068,0.774725,0.0,0,313.624931,296.43918,476.93024,560.365155,1200.0,0.0,0.664739,0.0022158,1.547635,1.14176,0.373189,0.750582,"{""model-a"": 77, ""model-b"": 147, ""model-c"": 76}","{""cloud"": 77, ""edge-1"": 223}",0.256667,0.743333,0.113227,hierarchical,medium_load,1,eb6f6271afef793688b72afdf2f50112b95ae85ca4f9b3aa3913c5ce4a05e589
300,0.7,0.853936,0.85785,0.0,0,4027.170824,4066.317078,6938.347713,7775.119402,1200.0,0.916667,1.14982,0.00383273,108.782284,0.0,54.51979,0.0,"{""model-a"": 266, ""model-b"": 34}","{""cloud"": 300}",1.0,0.0,0.078793,capability_only,medium_load,2,26d01fb1266e62eb80936b10944e6ea13b3b684f2872f79022058a19c309b45d
300,0.7,0.633874,0.629775,0.733333,0,185.381979,176.752328,244.921075,251.423541,1200.0,0.0,0.183297,0.00061099,0.0,1.126137,0.0,1.008597,"{""model-c"": 300}","{""edge-1"": 300}",0.0,1.0,0.109,resource_only,medium_load,2,26d01fb1266e62eb80936b10944e6ea13b3b684f2872f79022058a19c309b45d
300,0.7,0.767664,0.751762,0.0,0,291.634601,295.537307,456.191965,476.422808,1200.0,0.0,0.586423,0.00195474,1.0,1.12251,0.186663,0.869346,"{""model-a"": 41, ""model-b"": 179, ""model-c"": 80}","{""cloud"": 41, ""edge-1"": 259}",0.136667,0.863333,0.124,joint_single_stage,medium_load,2,26d01fb1266e62eb80936b10944e6ea13b3b684f2872f79022058a19c309b45d
300,0.7,0.778411,0.752775,0.0,0,324.114394,304.258911,456.191965,476.422808,1200.0,0.0,0.69864,0.0023288,1.0,1.12251,0.186663,0.869346,"{""model-a"": 41, ""model-b"": 259}","{""cloud"": 41, ""edge-1"": 259}",0.136667,0.863333,0.115,hierarchical,medium_load,2,26d01fb1266e62eb80936b10944e6ea13b3b684f2872f79022058a19c309b45d
300,0.7,0.860939,0.858862,0.0,0,4034.674678,4100.842556,6929.232101,7687.553191,1200.0,0.93,1.24222,0.00414073,108.926733,0.0,54.891596,0.0,"{""model-a"": 300}","{""cloud"": 300}",1.0,0.0,0.078,capability_only,medium_load,3,74c89858f787d7460008545573096a26d18570263df70da1ed686474ee6918b2
300,0.7,0.629539,0.611437,0.78,0,187.767615,176.3866,244.194654,251.072503,1200.0,0.0,0.186333,0.00062111,0.0,1.130315,0.0,1.011783,"{""model-c"": 300}","{""edge-1"": 300}",0.0,1.0,0.109,resource_only,medium_load,3,74c89858f787d7460008545573096a26d18570263df70da1ed686474ee6918b2
300,0.7,0.781195,0.751762,0.036667,0,310.785167,295.967805,476.360622,558.155492,1200.0,0.0,0.653966,0.00217989,1.948302,1.111852,0.341259,0.777806,"{""model-a"": 69, ""model-b"": 154, ""model-c"": 77}","{""cloud"": 69, ""edge-1"": 231}",0.23,0.77,0.124,joint_single_stage,medium_load,3,74c89858f787d7460008545573096a26d18570263df70da1ed686474ee6918b2
300,0.7,0.80178,0.774725,0.0,0,349.87195,307.02874,509.050163,560.636109,1200.0,0.0,0.79051,0.00263503,1.948302,1.103675,0.425205,0.733235,"{""model-a"": 82, ""model-b"": 218}","{""cloud"": 82, ""edge-1"": 218}",0.273333,0.726667,0.115,hierarchical,medium_load,3,74c89858f787d7460008545573096a26d18570263df70da1ed686474ee6918b2
300,0.7,0.856041,0.858862,0.0,0,4104.085354,4089.577967,7026.561082,7569.169965,1200.0,0.923333,1.16807,0.00389357,109.963759,0.0,56.101208,0.0,"{""model-a"": 268, ""model-b"": 32}","{""cloud"": 300}",1.0,0.0,0.078747,capability_only,medium_load,4,aa4824f2f96fdf2cd6fb1cb7106f241cd1b73d5e008864406110742e933ebb7d
300,0.7,0.633665,0.629775,0.746667,0,186.665972,177.662595,243.835083,250.963996,1200.0,0.0,0.185562,0.00061854,0.0,1.172654,0.0,1.009893,"{""model-c"": 300}","{""edge-1"": 300}",0.0,1.0,0.109,resource_only,medium_load,4,aa4824f2f96fdf2cd6fb1cb7106f241cd1b73d5e008864406110742e933ebb7d
300,0.7,0.735204,0.731737,0.133333,0,264.79941,283.254675,377.704788,479.257434,1200.0,0.0,0.485772,0.00161924,1.0,1.114996,0.068301,0.957775,"{""model-a"": 15, ""model-b"": 169, ""model-c"": 116}","{""cloud"": 15, ""edge-1"": 285}",0.05,0.95,0.124,joint_single_stage,medium_load,4,aa4824f2f96fdf2cd6fb1cb7106f241cd1b73d5e008864406110742e933ebb7d
300,0.7,0.761454,0.751762,0.0,0,312.174049,301.998124,380.275932,479.257434,1200.0,0.0,0.65121,0.0021707,1.0,1.114996,0.068301,0.957775,"{""model-a"": 15, ""model-b"": 285}","{""cloud"": 15, ""edge-1"": 285}",0.05,0.95,0.115,hierarchical,medium_load,4,aa4824f2f96fdf2cd6fb1cb7106f241cd1b73d5e008864406110742e933ebb7d
300,0.7,0.854389,0.85785,0.0,0,3999.261327,4049.785735,6995.036046,7588.235835,1200.0,0.926667,1.1467,0.00382233,107.66478,0.0,54.341028,0.0,"{""model-a"": 254, ""model-b"": 46}","{""cloud"": 300}",1.0,0.0,0.079073,capability_only,medium_load,5,89b24e2cf1fe6ad55c2a3fae07040b33d8a05c66c32ddfec5bf834fd3b2a615f
300,0.7,0.624211,0.611437,0.82,0,185.798897,177.324456,242.754377,250.076574,1200.0,0.0,0.185661,0.00061887,0.0,1.16835,0.0,1.010208,"{""model-c"": 300}","{""edge-1"": 300}",0.0,1.0,0.109,resource_only,medium_load,5,89b24e2cf1fe6ad55c2a3fae07040b33d8a05c66c32ddfec5bf834fd3b2a615f
300,0.7,0.741733,0.750075,0.25,0,272.483735,281.88466,466.076262,479.2246,1200.0,0.0,0.517247,0.00172416,1.0,1.128056,0.194935,0.864242,"{""model-a"": 43, ""model-b"": 128, ""model-c"": 129}","{""cloud"": 43, ""edge-1"": 257}",0.143333,0.856667,0.124,joint_single_stage,medium_load,5,89b24e2cf1fe6ad55c2a3fae07040b33d8a05c66c32ddfec5bf834fd3b2a615f
300,0.7,0.78779,0.774725,0.0,0,327.906096,303.533353,472.574285,552.504563,1200.0,0.0,0.728387,0.00242796,1.502553,1.090096,0.366203,0.745429,"{""model-a"": 78, ""model-b"": 188, ""model-c"": 34}","{""cloud"": 78, ""edge-1"": 222}",0.26,0.74,0.114207,hierarchical,medium_load,5,89b24e2cf1fe6ad55c2a3fae07040b33d8a05c66c32ddfec5bf834fd3b2a615f
300,0.7,0.85621,0.85785,0.0,0,6892.118532,6771.632519,12476.819999,13644.690032,1200.0,0.956667,1.19864,0.00399547,202.640179,0.0,101.376624,0.0,"{""model-a"": 300}","{""cloud"": 300}",1.0,0.0,0.078,capability_only,high_load,1,ed469a0def73de0f04f4a42c3aea51df4401dc3de9db7dbb20c3bfbc8eebd813
300,0.7,0.673451,0.71045,0.466667,0,848.080573,858.121651,1371.860593,1499.219738,1200.0,0.19,0.33178,0.00110593,12.730342,18.915873,6.586012,9.006221,"{""model-b"": 108, ""model-c"": 192}","{""cloud"": 108, ""edge-1"": 192}",0.36,0.64,0.109,resource_only,high_load,1,ed469a0def73de0f04f4a42c3aea51df4401dc3de9db7dbb20c3bfbc8eebd813
300,0.7,0.749393,0.712475,0.22,0,880.003317,875.267192,1459.991751,1692.14401,1200.0,0.213333,0.501817,0.00167272,14.43124,17.373905,7.271177,8.242888,"{""model-a"": 55, ""model-b"": 93, ""model-c"": 152}","{""cloud"": 110, ""edge-1"": 190}",0.366667,0.633333,0.124,joint_single_stage,high_load,1,ed469a0def73de0f04f4a42c3aea51df4401dc3de9db7dbb20c3bfbc8eebd813
300,0.7,0.775724,0.751762,0.0,0,901.113649,879.358691,1460.028446,1692.201005,1200.0,0.263333,0.590426,0.00196809,14.494352,16.830843,7.300302,7.754813,"{""model-a"": 55, ""model-b"": 158, ""model-c"": 87}","{""cloud"": 111, ""edge-1"": 189}",0.37,0.63,0.11297,hierarchical,high_load,1,ed469a0def73de0f04f4a42c3aea51df4401dc3de9db7dbb20c3bfbc8eebd813
300,0.7,0.855285,0.85785,0.0,0,6826.193786,6884.607321,12083.0265,13618.716964,1200.0,0.956667,1.13737,0.00379123,200.627421,0.0,100.80454,0.0,"{""model-a"": 264, ""model-b"": 36}","{""cloud"": 300}",1.0,0.0,0.07884,capability_only,high_load,2,588a833ac7badb2dc01b7399db4acac35fdb3b71f5498d741fb01b2e2d32cc26
300,0.7,0.67938,0.71045,0.443333,0,781.591293,780.143834,1178.331803,1307.914953,1200.0,0.026667,0.334092,0.00111364,10.979336,15.215963,6.035016,7.759183,"{""model-b"": 109, ""model-c"": 191}","{""cloud"": 109, ""edge-1"": 191}",0.363333,0.636667,0.109,resource_only,high_load,2,588a833ac7badb2dc01b7399db4acac35fdb3b71f5498d741fb01b2e2d32cc26
300,0.7,0.747407,0.740906,0.186667,0,807.879642,772.81097,1261.364741,1498.494338,1200.0,0.083333,0.507545,0.00169182,11.96831,13.756546,6.469353,7.049063,"{""model-a"": 47, ""model-b"": 110, ""model-c"": 143}","{""cloud"": 110, ""edge-1"": 190}",0.366667,0.633333,0.124,joint_single_stage,high_load,2,588a833ac7badb2dc01b7399db4acac35fdb3b71f5498d741fb01b2e2d32cc26
300,0.7,0.777184,0.752775,0.0,0,885.582457,895.603437,1310.607711,1498.314456,1200.0,0.14,0.69273,0.0023091,11.882473,13.756546,6.516869,6.712396,"{""model-a"": 40, ""model-b"": 260}","{""cloud"": 110, ""edge-1"": 190}",0.366667,0.633333,0.115,hierarchical,high_load,2,588a833ac7badb2dc01b7399db4acac35fdb3b71f5498d741fb01b2e2d32cc26
300,0.7,0.858548,0.85785,0.0,0,6956.7169,6959.292563,12430.163943,13550.402409,1200.0,0.96,1.22898,0.0040966,203.937238,0.0,102.826435,0.0,"{""model-a"": 300}","{""cloud"": 300}",1.0,0.0,0.078,capability_only,high_load,3,11708dba8cc58e1a9e5f6ff0cedd78f49877e58cf96609f9e2d02727ea5bf8a9
300,0.7,0.675923,0.71045,0.48,0,988.826921,1047.425854,1462.440568,1590.030384,1200.0,0.366667,0.338354,0.00112785,14.808496,20.488196,8.255604,11.303662,"{""model-b"": 109, ""model-c"": 191}","{""cloud"": 109, ""edge-1"": 191}",0.363333,0.636667,0.109,resource_only,high_load,3,11708dba8cc58e1a9e5f6ff0cedd78f49877e58cf96609f9e2d02727ea5bf8a9
300,0.7,0.762219,0.751762,0.116667,0,1041.19551,1092.462902,1588.693901,1807.180037,1200.0,0.406667,0.579754,0.00193251,16.723159,19.312834,9.2331,10.114303,"{""model-a"": 54, ""model-b"": 139, ""model-c"": 107}","{""cloud"": 111, ""edge-1"": 189}",0.37,0.63,0.124,joint_single_stage,high_load,3,11708dba8cc58e1a9e5f6ff0cedd78f49877e58cf96609f9e2d02727ea5bf8a9
300,0.7,0.797246,0.774725,0.0,0,1100.104839,1132.863627,1653.056863,1807.671153,1200.0,0.47,0.77596,0.00258653,17.120981,18.450855,9.281346,9.474303,"{""model-a"": 76, ""model-b"": 224}","{""cloud"": 111, ""edge-1"": 189}",0.37,0.63,0.115,hierarchical,high_load,3,11708dba8cc58e1a9e5f6ff0cedd78f49877e58cf96609f9e2d02727ea5bf8a9
300,0.7,0.847875,0.85785,0.0,0,6949.300208,6973.564924,12637.121169,13728.383033,1200.0,0.96,1.13482,0.00378273,204.19275,0.0,102.592483,0.0,"{""model-a"": 252, ""model-b"": 48}","{""cloud"": 300}",1.0,0.0,0.07912,capability_only,high_load,4,332c6d8b20f681e77ce067de1ac9d34bdeba3f374cda64c4c592c75be6c1fb0f
300,0.7,0.67412,0.71045,0.476667,0,956.58038,990.238392,1479.548351,1632.499748,1200.0,0.29,0.340869,0.00113623,14.986873,20.911405,7.859434,10.687748,"{""model-b"": 109, ""model-c"": 191}","{""cloud"": 109, ""edge-1"": 191}",0.363333,0.636667,0.109,resource_only,high_load,4,332c6d8b20f681e77ce067de1ac9d34bdeba3f374cda64c4c592c75be6c1fb0f
300,0.7,0.739913,0.750075,0.19,0,978.477969,994.248104,1536.045007,1763.210084,1200.0,0.31,0.50038,0.00166793,16.370706,18.825621,8.381806,9.666372,"{""model-a"": 28, ""model-b"": 145, ""model-c"": 127}","{""cloud"": 111, ""edge-1"": 189}",0.37,0.63,0.124,joint_single_stage,high_load,4,332c6d8b20f681e77ce067de1ac9d34bdeba3f374cda64c4c592c75be6c1fb0f
300,0.7,0.769145,0.752775,0.0,0,1053.195484,1086.238348,1605.874245,1828.211385,1200.0,0.4,0.67148,0.00223827,16.487599,18.825621,8.564812,9.256372,"{""model-a"": 24, ""model-b"": 276}","{""cloud"": 111, ""edge-1"": 189}",0.37,0.63,0.115,hierarchical,high_load,4,332c6d8b20f681e77ce067de1ac9d34bdeba3f374cda64c4c592c75be6c1fb0f
300,0.7,0.852442,0.85785,0.0,0,6862.574545,6828.117135,12344.523154,13682.15558,1200.0,0.96,1.1293,0.00376433,202.557868,0.0,101.595855,0.0,"{""model-a"": 256, ""model-b"": 44}","{""cloud"": 300}",1.0,0.0,0.079027,capability_only,high_load,5,19580aebed4ed9210a5cf7ee17f50ace9d4233b76f7e3054a1b733f3ed5f1dfa
300,0.7,0.676192,0.71045,0.463333,0,858.610671,861.480082,1319.121589,1439.286662,1200.0,0.166667,0.341231,0.00113744,12.831994,18.211485,6.792822,9.122632,"{""model-b"": 109, ""model-c"": 191}","{""cloud"": 109, ""edge-1"": 191}",0.363333,0.636667,0.109,resource_only,high_load,5,19580aebed4ed9210a5cf7ee17f50ace9d4233b76f7e3054a1b733f3ed5f1dfa
300,0.7,0.738873,0.750075,0.22,0,868.233703,887.47172,1368.515608,1498.384641,1200.0,0.143333,0.488453,0.00162818,13.933003,17.211485,7.043089,8.239298,"{""model-a"": 41, ""model-b"": 112, ""model-c"": 147}","{""cloud"": 110, ""edge-1"": 190}",0.366667,0.633333,0.124,joint_single_stage,high_load,5,19580aebed4ed9210a5cf7ee17f50ace9d4233b76f7e3054a1b733f3ed5f1dfa
300,0.7,0.787034,0.774725,0.0,0,937.361788,950.581912,1486.933305,1696.790138,1200.0,0.26,0.706005,0.00235335,14.431067,16.020844,7.369252,7.679505,"{""model-a"": 80, ""model-b"": 177, ""model-c"": 43}","{""cloud"": 111, ""edge-1"": 189}",0.37,0.63,0.113997,hierarchical,high_load,5,19580aebed4ed9210a5cf7ee17f50ace9d4233b76f7e3054a1b733f3ed5f1dfa
